label,filename,recovered_series
18,image_1.png,"[635.6052013983162, 1384.8487041125509, 488.3367718756069, 1031.9862365209474, 909.6092110773707, 1332.112679335843, -1448.0, 824.3660572274039, 1211.1797644401258, 867.3799569612843]"
0,image_0.png,"[838.7939231725327, 1018.6886273532227, 773.1306077019849, 133.01235376106342, -559.547756919206, -745.6168298947796, -657.4938231194683, -846.5149880438888, -1448.0, -204.69581277919588]"
16,image_4.png,"[579.6055616725582, 530.3446278812662, 374.590718041271, 1430.914305162727, 1425.196495536075, 338.13522093120923, -315.4411689089379, 1290.3937241082217, 1071.4579933771784, 1116.7407085241157]"
8,image_3.png,"[1135.9046664864004, 1425.196495536075, 1338.0215333542787, 445.39713783681077, -8.542847418636484, 674.7006401853127, -438.2605733141239, 328.904486161588, 1084.478534837317, 831.5914047366077]"
13,image_2.png,"[233.8129526921648, 1071.4579933771784, 1314.3102805938565, 1402.2105543137632, 944.2308761292006, 133.01235376106342, 765.7144580909221, 1442.3159905951798, 1430.914305162727, 1045.2129235893472]"
