label,filename,recovered_series
Crunchyroll,GASF_row_0.png,"[[80.12063993523725, 1448.0, 224.0063795731562, 1390.6477863415817, -968.1809491395454, 643.4827538863237, 410.33119317558976, -1191.5259291475888, -1191.5259291475888, -1448.0], [80.12063993523725, 1448.0, 224.0063795731562, 1390.6477863415817, -968.1809491395454, 643.4827538863237, 410.33119317558976, -1191.5259291475888, -1191.5259291475888, -1448.0], [80.12063993523725, 1448.0, 224.0063795731562, 1390.6477863415817, -968.1809491395454, 643.4827538863237, 410.33119317558976, -1191.5259291475888, -1191.5259291475888, -1448.0]]"
