label,filename,recovered_series
10,image_2.png,"[383.5912207695253, 338.13522093120923, -54.98923332286063, 90.84442511446946, -31.57564794372456, -165.62964573794216, -43.2336597895594, -115.3216353788091, -140.23370799297481, 291.4917806365056]"
2,image_3.png,"[817.1176621821241, 895.6173414483123, 571.4788533717522, -43.2336597895594, 184.19099228433356, -78.80313794588938, 80.12063993523725, -20.012808318000452, 365.54554698259267, -8.542847418636484]"
6,image_4.png,"[194.23533934814645, 133.01235376106342, 758.2733800349811, 720.6850520308294, 122.57651460707052, 163.91454062382286, 436.69181752848476, -66.84485970307196, -258.77865646400005, -54.98923332286063]"
12,image_1.png,"[427.94610065135385, 758.2733800349811, 985.1266740070696, 787.8891129683057, 392.5477104682193, 705.4660215295603, 214.14194905956492, 80.12063993523725, -20.012808318000452, 101.49399457232039]"
13,image_0.png,"[310.297643722919, 25.331367224311407, -78.80313794588938, -286.76425524273463, -231.43666299646497, -217.9935660936644, -204.69581277919588, -454.68019485458876, -191.5387883143435, -657.4938231194683]"
