grad_norm,loss,loss_q1,loss_q2,mse,mse_q1,mse_q2,param_norm,samples,step
3.3911772031594882,0.9981817007064819,0.9877874255180359,1.0016464988390603,0.9981817007064819,0.9877874255180359,1.0016464988390603,248.44877357010796,4,0
