grad_norm,loss,loss_q2,mse,mse_q2,param_norm,samples,step,vb,vb_q2
10.822727658380607,1.0650391578674316,1.0650391578674316,1.0015220642089844,1.0015220642089844,255.60711059615903,1,0,0.06351714581251144,0.06351714581251144
